ID,createdBy,email,firstname,lastname,title
a1b9c726-5ec4-4e02-bc57-4f7a943a8f7a,train-01,support_user1@example.com,John,Doe,Technical Issue
2b5f8d40-1e6c-45bb-91da-fd6b09a0e8c2,train-02,support_user2@example.com,Jane,Smith,Account Access Problem
34f1e2b1-9ea7-4d6d-8e69-65c759e68c73,train-03,support_user3@example.com,David,Johnson,Software Bug
4d9c3f14-7c6e-4df7-92e4-6d8d3f498b1a,train-04,support_user4@example.com,Emily,Williams,Hardware Malfunction
5a2e8fc7-cf43-4c79-a2a0-8d5a041bc15b,train-05,support_user5@example.com,Michael,Brown,Network Connectivity Issue
62a8cfd5-2f6b-4c88-8f8a-9a3858c779a5,train-06,support_user6@example.com,Susan,Jones,Software Installation Problem
7ef6b8a7-9ec5-421b-bff6-f3f7d6a4a3e6,train-07,support_user7@example.com,Christopher,Davis,Login Failure
82d00d17-9c2d-4282-ae91-4e2514e4c74e,train-08,support_user8@example.com,Amy,Martin,Data Loss
9f49832d-b35e-4141-8eb1-bf0dcbff6540,train-09,support_user9@example.com,Robert,Anderson,Printer Not Working
a640d288-2b3c-4cb1-9fc1-0b35473a65d2,train-10,support_user10@example.com,Michelle,Morris,Security Concern
b2eebc65-601c-4c19-b0f3-69594b5a82c6,train-11,support_user11@example.com,William,Clark,Performance Issue
c3d78b84-5db3-4f9f-bb0c-17e58795c462,train-12,support_user12@example.com,Amanda,White,Email Configuration Problem
d50e35d5-6b1f-43e3-b775-0f37f8f4c4f5,train-13,support_user13@example.com,Brian,Moore,Software Update Request
e18ac0b0-2445-4fb0-910f-cce91e155d33,train-14,support_user14@example.com,Karen,Hall,Internet Connection Dropout
f2b0ee5a-c7e7-4d2b-9f22-042b751e30df,train-15,support_user15@example.com,Jonathan,Wilson,Account Lockout
g330c97e-01d5-4a2f-8da8-ee9cf9c48de5,train-16,support_user16@example.com,Nancy,Baker,Software Compatibility Issue
h4f1d41c-7a89-4f61-b768-0a062d1714d1,train-17,support_user17@example.com,Daniel,Turner,Data Corruption
i5c7b50a-b19c-4d2b-bec2-c9e5a7c059f4,train-18,support_user18@example.com,Linda,Ward,Hardware Failure
j2d9d1ea-0925-4c25-86e2-4d3efb5b61a0,train-19,support_user19@example.com,Christopher,Hughes,Software Crash
k097f689-96ac-4d90-b55d-25775b1015b1,train-20,support_user20@example.com,Christine,Ross,Database Connection Issue
l2c72a15-0f53-4a9a-a5c1-398b0f8b1a52,train-21,support_user21@example.com,Mark,Cooper,Network Security Threat
m8e5b0fb-552e-45d9-9c64-5aa9611d5a7d,train-22,support_user22@example.com,Deborah,Wells,System Slowdown
n31aae96-2e92-4c9e-93e8-4e38962f0f5d,train-23,support_user23@example.com,Paul,Griffin,User Account Deactivation
o4f21fe1-1ea5-4a01-8dbd-69207ec85739,train-24,support_user24@example.com,Stephanie,Fisher,Application Error
p85992a3-81ef-4b3c-b6e3-4474a079ac8f,train-25,support_user25@example.com,Kevin,Lane,Mobile Device Support
q2cb07bb-5ee6-4aa1-8124-bb40898ec6d9,train-26,support_user26@example.com,Alice,Harrison,Software Configuration Issue
r67c1bf4-2a90-429a-9679-7e0d74f140d7,train-27,support_user27@example.com,Scott,Martin,Server Downtime
s0f5087b-299e-404d-8c0a-afcf4f153a1d,train-28,support_user28@example.com,Evelyn,Bryant,VPN Connection Problem
t317b5c2-0949-4e3b-9db7-b2bfb9069a34,train-29,support_user29@example.com,Richard,Ferguson,Software Licensing Issue
u28b99e2-b38a-40d8-9f9b-65b3f5b1c65e,train-30,support_user30@example.com,Sandra,Walker,Data Backup Request
v7b05772-5cf4-4b6d-a5ee-c1b18e3f5e65,train-31,support_user31@example.com,Charles,Wright,Web Browser Compatibility
w0a41e4f-d065-4d09-a07e-0637a2f9f18d,train-32,support_user32@example.com,Patricia,Campbell,Software Development Assistance
x1e6aa79-03e0-4f68-8a0d-95baf1307c89,train-33,support_user33@example.com,Timothy,Murray,Email Encryption
y3d50bc1-40f3-4e09-91b3-3d581b2bf92d,train-34,support_user34@example.com,Katherine,Perez,Printer Configuration Issue
z1b1b2cd-f926-4921-8e07-61b8b1eeb35d,train-35,support_user35@example.com,Steve,Hill,Hardware Compatibility
a74b0c2b-74e2-46d2-a4c9-e0a3b8f66e5a,train-36,support_user36@example.com,Ann,Simmons,Software Performance
b37aeb0b-1f2c-4d63-bec2-8273cf8a70e3,train-37,support_user37@example.com,Jeffrey,Ramirez,Network Latency
c8a34e6f-1a7c-4c0f-8ff6-d7f648c1bd4d,train-38,support_user38@example.com,Julia,Morris,Security Patch Installation
d431a4d8-48f7-4eac-8a58-0a2a48934090,train-39,support_user39@example.com,Edward,Spencer,Database Maintenance
e33d8e7d-0e91-417c-8e7e-8b7c34b722c3,train-40,support_user40@example.com,Rachel,Webb,Software Integration
